{
    "Acc full sequence": 0.8831168831168831,
    "Acc per character": 0.9541232585906982
}