{
    "Acc full sequence": 0.8641358641358642,
    "Acc per character": 0.951972484588623
}