{
    "Acc full sequence": 0.8622754491017964,
    "Acc per character": 0.9478737711906433
}